[
  {
    "id": "60143798-6ab2-4a6d-8b0c-bbf931b8e046",
    "data": [
      {
        "text": "Consultar status de isenção da matrícula ",
        "userDefined": false
      },
      {
        "text": "0000000AAA",
        "meta": "@matricula",
        "alias": "matricula",
        "userDefined": false
      },
      {
        "text": ".",
        "userDefined": false
      }
    ],
    "isTemplate": false,
    "count": 0,
    "lang": "pt-br",
    "updated": 0
  },
  {
    "id": "6bbaeed8-7bdf-4305-84bf-ae7963ea7d6b",
    "data": [
      {
        "text": "Gostaria de conferir o status da isenção. Minha matrícula é: ",
        "userDefined": false
      },
      {
        "text": "0000000AAAA",
        "meta": "@matricula",
        "alias": "matricula",
        "userDefined": true
      },
      {
        "text": ".",
        "userDefined": false
      }
    ],
    "isTemplate": false,
    "count": 0,
    "lang": "pt-br",
    "updated": 0
  },
  {
    "id": "55a171cc-93bf-4674-884d-1b6cb001e767",
    "data": [
      {
        "text": "Conferir ",
        "userDefined": false
      },
      {
        "text": "0000000AAA",
        "meta": "@matricula",
        "alias": "matricula",
        "userDefined": true
      }
    ],
    "isTemplate": false,
    "count": 0,
    "lang": "pt-br",
    "updated": 0
  },
  {
    "id": "1341f5c1-d0a4-45d5-aa96-1ec7f381c0a8",
    "data": [
      {
        "text": "Consultar ",
        "userDefined": false
      },
      {
        "text": "0000000AAA",
        "meta": "@matricula",
        "alias": "matricula",
        "userDefined": true
      },
      {
        "text": ".",
        "userDefined": false
      }
    ],
    "isTemplate": false,
    "count": 0,
    "lang": "pt-br",
    "updated": 0
  },
  {
    "id": "3c4db62c-ee25-4aac-8064-5af305f213da",
    "data": [
      {
        "text": "Quero conferir o pedido de isenção de ",
        "userDefined": false
      },
      {
        "text": "0000000AAA",
        "meta": "@matricula",
        "alias": "matricula",
        "userDefined": true
      },
      {
        "text": ".",
        "userDefined": false
      }
    ],
    "isTemplate": false,
    "count": 0,
    "lang": "pt-br",
    "updated": 0
  },
  {
    "id": "320402ec-24df-4298-b80b-fda551989b68",
    "data": [
      {
        "text": "Quero conferir meu pedido de isenção",
        "userDefined": false
      }
    ],
    "isTemplate": false,
    "count": 0,
    "lang": "pt-br",
    "updated": 0
  },
  {
    "id": "0d39da44-88d9-423f-8cbf-2d2e497a2468",
    "data": [
      {
        "text": "Como está minha isenção?",
        "userDefined": false
      }
    ],
    "isTemplate": false,
    "count": 0,
    "lang": "pt-br",
    "updated": 0
  },
  {
    "id": "1c3491ed-2212-42c5-8a52-1449fe0a35c6",
    "data": [
      {
        "text": "Minha isenção ja foi aprovada?",
        "userDefined": false
      }
    ],
    "isTemplate": false,
    "count": 0,
    "lang": "pt-br",
    "updated": 0
  },
  {
    "id": "f129aca2-2795-4901-8bb9-d775d0dcb34f",
    "data": [
      {
        "text": "Qual o status da minha isenção?",
        "userDefined": false
      }
    ],
    "isTemplate": false,
    "count": 0,
    "lang": "pt-br",
    "updated": 0
  },
  {
    "id": "b3d34072-f4a0-42d4-a113-0f78feb7d924",
    "data": [
      {
        "text": "Status da insenção",
        "userDefined": false
      }
    ],
    "isTemplate": false,
    "count": 0,
    "lang": "pt-br",
    "updated": 0
  }
]