[
  {
    "id": "19a7fde7-7b51-40dc-a2e7-7b50e5b2356d",
    "data": [
      {
        "text": "Restaurar base de dados.",
        "userDefined": false
      }
    ],
    "isTemplate": false,
    "count": 0,
    "lang": "pt-br",
    "updated": 0
  },
  {
    "id": "f2247fd2-b0be-41ca-a279-dafa9e30fe0d",
    "data": [
      {
        "text": "Restaurar db.",
        "userDefined": false
      }
    ],
    "isTemplate": false,
    "count": 0,
    "lang": "pt-br",
    "updated": 0
  },
  {
    "id": "947905a8-ae2f-46d0-bfd0-6de5489d2499",
    "data": [
      {
        "text": "Restaurar banco de dados.",
        "userDefined": false
      }
    ],
    "isTemplate": false,
    "count": 1,
    "lang": "pt-br",
    "updated": 0
  },
  {
    "id": "820d8a7b-d049-4131-8ede-4d641779f1b1",
    "data": [
      {
        "text": "Adicionar dados ao banco.",
        "userDefined": false
      }
    ],
    "isTemplate": false,
    "count": 0,
    "lang": "pt-br",
    "updated": 0
  },
  {
    "id": "98ce9e1c-d7a1-4b33-ab59-bd80af82672c",
    "data": [
      {
        "text": "Preencher banco de dados.",
        "userDefined": false
      }
    ],
    "isTemplate": false,
    "count": 0,
    "lang": "pt-br",
    "updated": 0
  },
  {
    "id": "36cecd93-531c-4b89-9543-b36c0d8516a3",
    "data": [
      {
        "text": "Popular banco",
        "userDefined": false
      },
      {
        "text": " de dados.",
        "userDefined": false
      }
    ],
    "isTemplate": false,
    "count": 0,
    "lang": "pt-br",
    "updated": 0
  }
]